{"cameraMode":{"drawMode":0,"name":"Shaded","section":"Shading Mode"},"sceneLighting":false,"audioPlay":false,"sceneViewState":{"showFog":true,"showMaterialUpdate":false,"showSkybox":false,"showFlares":true,"showImageEffects":true,"showParticleSystems":true},"in2DMode":false,"pivot":{"x":-0.049398064613342288,"y":0.3412982225418091,"z":-0.40367817878723147},"rotation":{"x":0.0960565060377121,"y":0.046577151864767078,"z":-0.00450050039216876,"w":0.9942842125892639},"size":8.627801895141602,"orthographic":false}