{"cameraMode":{"drawMode":0,"name":"Shaded","section":"Shading Mode"},"sceneLighting":false,"audioPlay":false,"sceneViewState":{"showFog":true,"showMaterialUpdate":false,"showSkybox":false,"showFlares":true,"showImageEffects":true,"showParticleSystems":true},"in2DMode":false,"pivot":{"x":8.765077590942383,"y":2.4275712966918947,"z":1.5897611379623414},"rotation":{"x":-0.009312951005995274,"y":0.9888250231742859,"z":-0.07013583928346634,"w":-0.131302610039711},"size":4.602488040924072,"orthographic":false}