{"cameraMode":{"drawMode":0,"name":"Shaded","section":"Shading Mode"},"sceneLighting":false,"audioPlay":false,"sceneViewState":{"showFog":true,"showMaterialUpdate":false,"showSkybox":false,"showFlares":true,"showImageEffects":true,"showParticleSystems":true},"in2DMode":false,"pivot":{"x":6.672324180603027,"y":1.687209963798523,"z":1.021506905555725},"rotation":{"x":0.017559600993990899,"y":0.973709225654602,"z":-0.21243977546691895,"w":0.0805002823472023},"size":9.012921333312989,"orthographic":false}