{"cameraMode":{"drawMode":0,"name":"Shaded","section":"Shading Mode"},"sceneLighting":false,"audioPlay":false,"sceneViewState":{"showFog":true,"showMaterialUpdate":false,"showSkybox":false,"showFlares":true,"showImageEffects":true,"showParticleSystems":true},"in2DMode":false,"pivot":{"x":0.328794002532959,"y":1.7970863580703736,"z":-4.750182151794434},"rotation":{"x":0.011964326724410057,"y":0.8270381093025208,"z":-0.017632240429520608,"w":0.5617727041244507},"size":8.627801895141602,"orthographic":false}