{"cameraMode":{"drawMode":0,"name":"Shaded","section":"Shading Mode"},"sceneLighting":false,"audioPlay":false,"sceneViewState":{"showFog":true,"showMaterialUpdate":false,"showSkybox":false,"showFlares":true,"showImageEffects":true,"showParticleSystems":true},"in2DMode":false,"pivot":{"x":-1.2614916563034058,"y":0.7515178918838501,"z":1.6565093994140626},"rotation":{"x":0.06139892712235451,"y":0.10938191413879395,"z":-0.00677065085619688,"w":0.9920890927314758},"size":6.117484092712402,"orthographic":false}