{"cameraMode":{"drawMode":0,"name":"Shaded","section":"Shading Mode"},"sceneLighting":false,"audioPlay":false,"sceneViewState":{"showFog":true,"showMaterialUpdate":false,"showSkybox":false,"showFlares":true,"showImageEffects":true,"showParticleSystems":true},"in2DMode":false,"pivot":{"x":10.039640426635743,"y":0.9265113472938538,"z":0.22295211255550385},"rotation":{"x":0.09451323002576828,"y":0.8961465954780579,"z":-0.3671206533908844,"w":0.2307223528623581},"size":3.2256927490234377,"orthographic":false}