{"cameraMode":{"drawMode":0,"name":"Shaded","section":"Shading Mode"},"sceneLighting":false,"audioPlay":false,"sceneViewState":{"showFog":true,"showMaterialUpdate":false,"showSkybox":false,"showFlares":true,"showImageEffects":true,"showParticleSystems":true},"in2DMode":false,"pivot":{"x":9.201436042785645,"y":-0.44240838289260867,"z":-3.666008472442627},"rotation":{"x":-0.003018905408680439,"y":0.9968358278274536,"z":-0.06469535082578659,"w":-0.04639977216720581},"size":6.715190410614014,"orthographic":false}