{"cameraMode":{"drawMode":0,"name":"Shaded","section":"Shading Mode"},"sceneLighting":false,"audioPlay":false,"sceneViewState":{"showFog":true,"showMaterialUpdate":false,"showSkybox":false,"showFlares":true,"showImageEffects":true,"showParticleSystems":true},"in2DMode":false,"pivot":{"x":-2.980232238769531e-7,"y":0.5447206497192383,"z":0.10599637031555176},"rotation":{"x":0.0960565060377121,"y":0.046577151864767078,"z":-0.00450050039216876,"w":0.9942842125892639},"size":8.69273567199707,"orthographic":false}