{"cameraMode":{"drawMode":0,"name":"Shaded","section":"Shading Mode"},"sceneLighting":false,"audioPlay":false,"sceneViewState":{"showFog":true,"showMaterialUpdate":false,"showSkybox":false,"showFlares":true,"showImageEffects":true,"showParticleSystems":true},"in2DMode":false,"pivot":{"x":9.682031631469727,"y":1.6219961643218995,"z":-0.8608654737472534},"rotation":{"x":0.06597189605236054,"y":0.8978829979896545,"z":-0.14427004754543305,"w":0.41068875789642336},"size":6.703979015350342,"orthographic":false}